id,name
0,Danielle
1,Angel
2,Joshua
3,Jeffrey
4,Jill
5,Erica
6,Patricia
7,Christopher
8,Robert
9,Anthony
10,Jeffery
11,William
12,Anthony
13,James
14,Debra
15,Amy
16,Jeffrey
17,Bridget
18,Lisa
19,Adam
20,Linda
21,Helen
22,Matthew
23,Eric
24,Susan
25,Matthew
26,Christopher
27,Colin
28,Melanie
29,Cassandra
30,Lindsay
31,Jessica
32,Amanda
33,Teresa
34,Nicholas
35,Andrea
36,Maria
37,Christine
38,Michelle
39,Barbara
40,Janet
41,Brandon
42,Jeremy
43,Keith
44,Christopher
45,Jesse
46,Craig
47,Joshua
48,Cynthia
49,Michael
50,Mitchell
51,Jason
52,Joseph
53,Sharon
54,Deborah
55,Chelsea
56,George
57,Jessica
58,Frank
59,Noah
60,Veronica
61,Danielle
62,Angela
63,Gabrielle
64,Megan
65,Kimberly
66,Jeremy
67,Antonio
68,Leslie
69,Joseph
70,Jason
71,Sherri
72,Nancy
73,Leonard
74,Diana
75,Randall
76,Robin
77,Stephen
78,Joseph
79,John
80,Anna
81,Jose
82,Brenda
83,Rachael
84,Reginald
85,Jeffrey
86,Whitney
87,William
88,Christopher
89,Brandon
90,Daniel
91,Courtney
92,Laura
93,Robert
94,Bryan
95,Patrick
96,Wendy
97,Allison
98,Tasha
99,Michelle
100,Tokyo
101,Jakarta
102,Delhi
103,Guangzhou
104,Mumbai
105,Manila
106,Shanghai
107,Seoul
108,Cairo
109,Mexico City
110,Kolkata
111,Sao Paulo
112,New York
113,Karachi
114,Dhaka
115,Beijing
116,Lagos
117,Buenos Aires
118,Istanbul
119,Chongqing
120,Rio de Janeiro
121,Tianjin
122,Kinshasa
123,Lahore
124,Bangalore
125,Paris
126,Bogota
127,Chennai
128,Lima
129,Bangkok
130,Hyderabad
131,London
132,Tehran
133,Chicago
134,Chengdu
135,Nanjing
136,Wuhan
137,Berlin
138,Luanda
139,Ahmedabad
140,Kuala Lumpur
141,Hong Kong
142,Hanoi
143,Shenzhen
144,Riyadh
145,Baghdad
146,Santiago
147,Surat
148,Madrid
149,Singapore
150,Pune
151,Houston
152,Dallas
153,Toronto
154,Miami
155,Philadelphia
156,Atlanta
157,Khartoum
158,Barcelona
159,Washington
160,Yangon
161,Alexandria
162,Harbin
163,Los Angeles
164,Shenyang
165,Qingdao
166,Zhengzhou
167,Melbourne
168,Jinan
169,Cape Town
170,Monterrey
171,Durban
172,Casablanca
173,Brasilia
174,Kabul
175,Nairobi
176,Rome
177,Ankara
178,Kano
179,Mashhad
180,Medellin
181,Porto Alegre
182,Recife
183,Jeddah
184,Addis Ababa
185,Caracas
186,Stockholm
187,Vienna
188,Osaka
189,Nagoya
190,Fukuoka
191,Sendai
192,Sapporo
193,Busan
194,Daegu
195,Daejeon
196,Gwangju
197,Ulsan
198,Incheon
199,Yokohama
200,lives in
201,was born in
202,works in
203,travels to
204,studied in
205,married in
206,visited
207,loves
208,moved to
209,left
